"205 Summit Blvd, Birmingham, AL 35243"
"4025 E Chandler Blvd, Ahwatukee, AZ 85048"
"7720 W Bell Rd, Glendale, AZ 85308"
"2050 E Baseline Rd, Mesa, AZ 85204"
"4726 E Shea Blvd, Phoenix, AZ 85028"
"4821 N 20th St, Phoenix, AZ 85016"
"252 Lee Blvd, Prescott, AZ 86303"
"6202 N Scottsdale Rd, Scottsdale, AZ 85253"
"7555 E Frank Lloyd Wright Blvd, North Scottsdale, AZ 85260"
"14095 W Grand Ave, Surprise, AZ 85374"
"6460 S McClintock Dr, Tempe, AZ 85283"
"4209 N Campbell Ave, Tucson, AZ 85719"
"4766 E Grant Rd, Tucson, AZ 85712"
"1101 N Wilmot Rd, Tucson, AZ 85712"
"7912 N Oracle Rd, Oro Valley, AZ 85704"
"28941 Canwood St, Agoura Hills, CA 91301"
"2217 S Shore Ctr, Alameda, CA 94501"
"26541 Aliso Creek Rd, Aliso Viejo, CA 92656"
"955 Rancho Pkwy, Arroyo Grande, CA 93420"
"8200-C 21 Stockdale Hwy, Bakersfield, CA 93311"
"1885 University Ave, Berkeley, CA 94703"
"2500 E Imperial Hwy, Brea, CA 92821"
"5451 Lone Tree Way, Brentwood, CA 94513"
"214 East Alameda Ave, Burbank, CA 91502"
"363 Carmen Dr, Camarillo, CA 93010"
"1875 Bascom Ave, Campbell, CA 95008"
"3555 Clares St, Capitola, CA 95010"
"2629 Gateway Rd, Carlsbad, CA 92009"
"22224 Redwood Rd, Castro Valley, CA 94546"
"67720 E Palm Cyn Dr, Cathedral City, CA 92234"
"12861 Towne Center Dr, Cerritos, CA 90703"
"10330 Mason Ave, Chatsworth, CA 91311"
"801 East Ave, Chico, CA 95926"
"13911 Peyton Dr, Chino Hills, CA 91709"
"878 Eastlake Pkwy, Chula Vista, CA 91914"
"475 W Foothill Blvd, Claremont, CA 91711"
"1077 N Willow, Clovis, CA 93611"
"785 Oak Grove Rd, Concord, CA 94518"
"1150 Concord Ave, Concord, CA 94520"
"2790 Cabot Dr, Corona, CA 92883"
"640 W 17th St, Costa Mesa, CA 92627"
"9290 Culver Blvd, Culver City, CA 90232"
"6150 Slauson Ave, Culver City, CA 90230"
"417 Westlake Ctr, Daly City, CA 94015"
"85 Railroad Ave, Danville, CA 94526"
"885 Russell Blvd, Davis, CA 95616"
"13480 Highlands Place, San Diego, CA 92130"
"1566 Colorado Blvd, Eagle Rock, CA 90041"
"225 El Cerrito Plaza, El Cerrito, CA 94530"
"9670 Bruceville Rd, Elk Grove, CA 95757"
"5700 Christie Ave, Emeryville, CA 94608"
"115 N El Camino Real, Encinitas, CA 92024"
"17640 Burbank Blvd, Encino, CA 91316"
"1885 S Centre City Pkwy, Escondido, CA 92025"
"5309 Sunrise Blvd, Fair Oaks, CA 95628"
"1350 Gateway Blvd, Fairfield, CA 94533"
"850 E Bidwell St, Folsom, CA 95630"
"39324 Argonaut Way, Fremont, CA 94538"
"58478 N. Friant Road, Fresno, CA 93720"
"103 E Glenoaks Blvd, Glendale, CA 91207"
"5767 Calle Real, Goleta, CA 93117"
"11114 Balboa Blvd, Granada Hills, CA 91344"
"1100 Pacific Coast Hwy, Hermosa Beach, CA 90254"
"1600 N Vine St, Los Angeles, CA 90028"
"21431 Brookhurst St, Huntington Beach, CA 92646"
"18681 Main St, Huntington Beach, CA 92648"
"16821 Algonquin St, Huntington Beach, CA 92649"
"6222 Irvine Blvd, Irvine, CA 92620"
"4225 Campus Dr, Irvine, CA 92612"
"14443 Culver Dr, Irvine, CA 92604"
"475 Foothill Blvd, La Canada, CA 91011"
"46400 Washington St, La Quinta, CA 92253"
"3649 Mt Diablo Blvd, Lafayette, CA 94549"
"24321 Avenida De La Carlota, Laguna Hills, CA 92653"
"32351 Street of the Golden Lantern, Laguna Niguel, CA 92677"
"8657 Villa La Jolla Dr, La Jolla, CA 92037"
"5495 Grossmont Center Dr, La Mesa, CA 91942"
"2052 Redwood Hwy, Larkspur, CA 94921"
"1122-A E Stanley Blvd, Livermore, CA 94550"
"2222 Bellflower Blvd, Long Beach, CA 90815"
"4210 Long Beach Blvd, Long Beach, CA 90807"
"6451 E Pacific Coast Hwy, Long Beach, CA 90803"
"2310 Homestead Rd, Los Altos, CA 94024"
"175 S Fairfax Ave, Los Angeles, CA 90048"
"8500 Burton Way, Los Angeles, CA 90048"
"263 S La Brea Ave, Los Angeles, CA 90036"
"2738 Hyperion Ave, Los Angeles, CA 90027"
"8000 Sunset Blvd, Los Angeles, CA 90046"
"3131 S Hoover Street, Los Angeles, CA"
"15466 Los Gatos Blvd, Los Gatos, CA 95032"
"1821 Manhattan Beach Blvd, Manhattan Beach, CA 90266"
"1800 Rosecrans Blvd, Manhattan Beach, CA 90266"
"720 Menlo Ave, Menlo Park, CA 94025"
"765 Broadway, Millbrae, CA 94030"
"1072 Camino Del Rio N, San Diego, CA 92105"
"25410 Marguerite Pkwy, Mission Viejo, CA 92692"
"3250 Dale Rd, Modesto, CA 95356"
"604 W Huntington Dr, Monrovia, CA 91016"
"570 Munras Ave, Monterey, CA 93940"
"2462 Honolulu Ave, Montrose, CA 91020"
"17035 Laurel Rd, Morgan Hill, CA 95037"
"590 Showers Dr, Mountain View, CA 94040"
"3654 Bel Aire Plaza, Napa, CA 94558"
"125 N Reino Rd, Newbury Park, CA"
"8086 East Coast Hwy, Newport Beach, CA 92657"
"7514 Redwood Blvd, Novato, CA 94945"
"3250 Lakeshore Ave, Oakland, CA 94610"
"5727 College Ave, Oakland, CA 94618"
"2570 Vista Way, Oceanside, CA 92054"
"2114 N Tustin St, Orange, CA 92865"
"1170 Forest Ave, Pacific Grove, CA 93950"
"44250 Town Center Way, Palm Desert, CA 92260"
"39507 10th Street W, Palmdale, CA 93551"
"855 El Camino Real, Palo Alto, CA 94301"
"3035 E Huntington Dr, Pasadena, CA 91107"
"467 Rosemead Blvd, Pasadena, CA 91107"
"610 S Arroyo Pkwy, Pasadena, CA 91105"
"345 S Lake Ave, Pasadena, CA 91101"
"169 North McDowell Blvd, Petaluma, CA 94954"
"2742 Pinole Valley Rd, Pinole, CA 94564"
"3903 Santa Rita Road, Pleasanton, CA 94588"
"6401 Haven Ave, Rancho Cucamonga, CA 91737"
"28901 S Western Ave, Rancho Palos Verdes, CA 90275"
"31176 Hawthorne Blvd, Rancho Palos Verdes, CA 90275"
"30652 Santa Margarita Pkwy, Rancho Santa Margarita, CA 92688"
"845 Browning St, Redding, CA 96003"
"552 Orange St Plaza, Redlands, CA 92374"
"1761 S Elena Ave, Redondo Beach, CA 90277"
"6225 Riverside Plaza, Riverside, CA 92506"
"1117 Roseville Square, Roseville, CA 95678"
"5000 Folsom Blvd, Sacramento, CA 95819"
"2625 Marconi Ave, Sacramento, CA 95821"
"1482 El Camino Real, San Carlos, CA 94070"
"638 Camino De Los Mares, San Clemente, CA 92673"
"11955 Carmel Mtn Rd, San Diego, CA 92128"
"1090 University Ave, San Diego, CA 92103"
"1640 Garnet Ave, San Diego, CA 92109"
"2401 Truxtun Rd, San Diego, CA 92106"
"9850 Hibert St, San Diego, CA 92131"
"5140 College Ave, CA"
"856 W Arrow Hwy, San Dimas, CA 91773"
"555 9th St, San Francisco, CA 94103"
"3 Masonic Ave, San Francisco, CA 94118"
"1095 Hyde St, San Francisco, CA 94109"
"401 Bay St, San Francisco, CA 94133"
"10 4th St, San Francisco, CA 94103"
"265 Winston Dr, San Francisco, CA 94132"
"7260 N Rosemead Blvd, San Gabriel, CA 91775"
"7250 Bollinger Rd, San Jose, CA 95129"
"635 Coleman Ave, San Jose, CA 95110"
"5353 Almaden Expy, San Jose, CA 95118"
"5269 Prospect Rd, San Jose, CA 95129"
"32151 Camino Capistrano, San Juan Capistrano, CA 92675"
"3977 Higuera St, San Luis Obispo, CA 93401"
"1820-22 S Grant St, San Mateo, CA 94402"
"45 W Hillsdale Blvd, San Mateo, CA 94403"
"337 Third St, San Rafael, CA 94901"
"3329 S Bristol St, Santa Ana, CA 92704"
"3025 De La Vina, Santa Barbara, CA 93105"
"222 North Milpas Street, Santa Barbara, CA 93103"
"700 Front St, Santa Cruz, CA 95060"
"1303 S Bradley Rd, Santa Maria, CA 93454"
"3212 Pico Blvd, Santa Monica, CA 90405"
"3225 Cleveland Ave, Santa Rosa, CA 95403"
"2100 Santa Rosa Ave, Santa Rosa, CA 95407"
"14119 Riverside Dr, Sherman Oaks, CA 91423"
"2975 Cochran St, Simi Valley, CA 93065"
"613 Mission St, South Pasadena, CA 91030"
"301 McLellan Dr, S San Francisco, CA 94080"
"6535 Pacific Ave, Stockton, CA 95207"
"11976 Ventura Blvd, Studio City, CA 91604"
"316 W El Camino Real, Sunnyvale, CA 94087"
"40665 Winchester Rd, Temecula, CA 92591"
"1111 Rossi Rd, Templeton, CA 93465"
"451 Avenida De Los Arboles, Thousand Oaks, CA 91360"
"10130 Riverside Dr, Toluca Lake, CA 91602"
"19720 Hawthorne Blvd, Torrance, CA 90503"
"2545 Pacific Coast Hwy, Torrance, CA 90505"
"1198 Irvine Blvd, Tustin, CA 92780"
"26517 Bouquet Canyon Rd, Santa Clarita, CA 91350"
"1795 S Victoria Ave, Ventura, CA 93003"
"103 S Mills Rd, Ventura, CA 93003"
"1372 S California Blvd, Walnut Creek, CA 94596"
"6751 Fallbrook Ave, West Hills, CA 91307"
"7310 Santa Monica Blvd, West Hollywood, CA 90046"
"8611 Santa Monica Blvd, West Hollywood, CA 90069"
"10850 National Blvd, West Los Angeles, CA 90064"
"3456 S Sepulveda Blvd, West Los Angeles, CA 90034"
"11755 W Olympic Blvd, West Los Angeles, CA 90064"
"8645 S Sepulveda Blvd, Westchester, CA 90045"
"3835 E Thousand Oaks Blvd, Westlake Village, CA 91362"
"1000 Glendon Ave, Los Angeles, CA 90024"
"15025 E Whittier Blvd, Whittier, CA 90603"
"21055 Ventura Blvd, Woodland Hills, CA 91364"
"19655 Yorba Linda Blvd, Yorba Linda, CA 92886"
"1906 28th St, Boulder, CO 80301"
"5342 N Nevada Ave, Colorado Springs, CO 80918"
"661 Logan St, Denver, CO 80203"
"750 N Colorado Blvd, Denver, CO 80206"
"790 N Colorado Blvd, Denver, CO 80206"
"3500 S College Ave, Fort Collins, CO 80525"
"5910 S University Blvd, Greenwood Village, CO 80121"
"8055 West Bowles Ave Unit 3A, Littleton, CO 80123"
"113 Mill Plain Rd, Danbury, CT 06811"
"436 Boston Post Rd, Darien, CT 06820"
"2258 Black Rock Turnpike, Fairfield, CT 06825"
"560 Boston Post Rd, Orange, CT 06477"
"1041 High Ridge Rd, Stamford, CT 06905"
"1489 New Britain Ave, West Hartford, CT 06110"
"400 Post Rd E, Westport, CT 06880"
"5605 Concord Pike, Wilmington, DE 19803"
"1101 25th Street NW, Washington, DC 20037"
"1914 14th St NW, Washington, DC 20009"
"1240 4th St NE, Washington, DC 20002"
"750 Pennsylvania Ave SE, Washington, DC 20003"
"855 S Federal Hwy, Boca Raton, FL 33432"
"2296 S University Dr, Davie, FL 33324"
"1851 S Federal Hwy, Delray Beach, FL 33483"
"1560 N Federal Hwy, Fort Lauderdale, FL 33304"
"3724 SW Archer Rd, Gainesville, FL 32608"
"11112 San Jose Blvd, Jacksonville, FL 32223"
"4180 S 3rd St, Jacksonville Beach, FL 32250"
"10600 Tamiami Trail North, Naples, FL 34108"
"8323 W Sand Lake Rd, Orlando, FL 32819"
"2560 PGA Blvd, Palm Beach Gardens, FL 33410"
"11960 Pines Blvd, Pembroke Pines, FL 33026"
"9205 S Dixie Hwy, Miami, FL 33156"
"4101 S Tamiami Trail, Sarasota, FL 34231"
"2742 4th St N, St. Petersburg, FL 33704"
"3425 Thomasville Rd, Tallahassee, FL 32309"
"3808 W Swann Ave, Tampa, FL 33609"
"2877 South State Rd, Wellington, FL 33414"
"131 N Orlando Ave, Winter Park, FL 32789"
"1850 Epps Bridge Pkwy, Athens, GA 30606"
"3183 Peachtree Rd NE, Atlanta, GA 30305"
"931 Monroe Dr NE, Atlanta, GA 30308"
"4250 Roswell Rd, Marietta, GA 30062"
"5185 Peachtree Pkwy, Bld 1200, Norcross, GA 30092"
"635 W Crossville Rd, Roswell, GA 30075"
"6277 Roswell Rd NE, Sandy Springs, GA 30328"
"300 S Capitol Blvd, Boise, ID 83702"
"1800 South Randall Rd, Algonquin, IL 60102"
"17 W Rand Rd, Arlington Heights, IL 60004"
"1942 W Fabyan Pkwy, Batavia, IL 60510"
"44 E Ontario St, Chicago, IL 60611"
"3745 N Lincoln Ave, Chicago, IL 60613"
"1840 N Clybourn Ave, Chicago, IL 60614"
"1147 S Wabash Ave, Chicago, IL 60605"
"667 W. Diversey Pkwy, Chicago, IL 60614"
"122 Ogden Ave, Downers Grove, IL 60515"
"1211 Chicago Ave, Evanston, IL 60202"
"680 Roosevelt Rd, Glen Ellyn, IL 60137"
"1407 Waukegan Rd, Glenview, IL 60025"
"25 N La Grange Rd, La Grange, IL 60525"
"735 W Route 22, Lake Zurich, IL 60047"
"44 W Gartner Rd, Naperville, IL 60540"
"1600 S Milwaukee Ave, Libertyville, IL 60048"
"127 Skokie Blvd, Northbrook, IL 60062"
"483 N Harlem Ave, Oak Park, IL 60301"
"14924 S La Grange Rd, Orland Park, IL 60462"
"190 N Northwest Hwy, Park Ridge, IL 60068"
"1426 E Golf Rd, Schaumburg, IL 60173"
"5473 E 82nd St, Indianapolis, IN 46250"
"2902 W 86th St, Indianapolis, IN 46268"
"920 Ponseti Way, Coralville, IA 52241"
"6305 Mills Civic Pkwy, West Des Moines, IA 50266"
"4201 W 119th St, Leawood, KS 66209"
"4600 Shelbyville Rd, Louisville, KY 40207"
"4600 Shelbyville Rd, Louisville, KY 40207"
"2326 Nicholasville Rd, Lexington, KY 40503"
"2320 Nicholasville Rd, Lexington, KY 40503"
"3535 Perkins Rd, Baton Rouge, LA 70808"
"2949 Veterans Blvd, Metairie, LA 70002"
"87 Marginal Way, Portland, ME 04101"
"160 F Jennifer Rd, Annapolis, MD 21401"
"6831 Wisconsin Ave, Bethesda, MD 20815"
"6610 Marie Curie Dr, MD"
"18270 Contour Rd, Gaithersburg, MD 20877"
"1809 Reisterstown Rd, Pikesville, MD 21208"
"12268-H Rockville Pike, Rockville, MD 20852"
"10741 Columbia Pike, Silver Spring, MD 20901"
"800 Kenilworth Drive, Towson, MD 21204"
"145 Great Rd, Acton, MA 01720"
"219 Western Ave, Allston, MA 02134"
"1427 Massachusetts Ave, Arlington, MA 02476"
"899 Boylston St, Boston, MA 02115"
"1317 Beacon St, Brookline, MA 02446"
"51 Middlesex Turnpike, Burlington, MA 01803"
"748 Memorial Dr, Cambridge, MA 02139"
"211 Alewife Brook Pkwy, Cambridge, MA 02138"
"350 Patriot Place, Foxborough, MA 02035"
"659 Worcester Rd, Framingham, MA 01701"
"375 Russell St, Hadley, MA 01035"
"1775 Washington St, Hanover, MA 02339"
"5 Essington Dr, Hingham, MA 02043"
"655 Lyannough Road, Hyannis, MA 02601"
"958 Highland Ave, Needham Hts, MA 02494"
"300 Andover St, Peabody, MA 01960"
"77 D Boston Turnpike, Shrewsbury, MA 01545"
"145 Middlesex Ave, Somerville, MA 02145"
"1121 Washington St, West Newton, MA 02465"
"2398 E Stadium Blvd, Ann Arbor, MI 48104"
"6536 Telegraph Rd, Bloomfield Hills, MI 48301"
"3684 28th St SE, Kentwood, MI 49512"
"17028 Kercheval Ave, Grosse Pointe, MI 48230"
"5099 Century Ave, Kalamazoo, MI 49006"
"18771 Traditions Drive, Northville, MI 48167"
"3044 Walton Blvd, Rochester Hills, MI 48309"
"27880 Woodward Ave, Royal Oak, MI 48067"
"4270 W 78th St, Bloomington, MN 55435"
"12105 Elm Creek Blvd N, Maple Grove, MN 55369"
"713 S Washington Ave, Minneapolis, MN 55415"
"11220 Wayzata Blvd, Minnetonka, MN 55305"
"1200 16th St SW, Rochester, MN 55902"
"1041 Red Fox Rd, Shoreview, MN 55126"
"4500 Excelsior Blvd, St. Louis Park, MN 55416"
"484 Lexington Parkway S, St. Paul, MN 55105"
"8960 Hudson Rd, Woodbury, MN 55125"
"48 Brentwood Promenade Crt, Brentwood, MO 63144"
"1679 Clarkson Rd, Chesterfield, MO 63017"
"11505 Olive Blvd, Creve Coeur, MO 63141"
"13343 Manchester Rd, Des Peres, MO 63131"
"8600 Ward Pkwy, Kansas City, MO 64114"
"3120 Pine Lake Rd, Lincoln, NE 68516"
"10305 Pacific St, Omaha, NE 68114"
"10345 South Eastern Ave, Henderson, NV 89052"
"3790 US Hwy 395 S, Carson City, NV 89705"
"2716 N Green Valley Pkwy, Henderson, NV 89014"
"5639 Centennial Ctr Blvd, Las Vegas, NV 89149"
"7575 W Washington Ave, Las Vegas, NV 89128"
"2315 Summa Dr, Las Vegas, NV 89135"
"5035 S McCarran Blvd, Reno, NV 89502"
"262 Daniel Webster HWY, Nashua, NH 03060"
"45 Gosling Rd, Newington, NH 03801"
"259 Allwood Rd, Clifton, NJ 07012"
"715 River Rd, Edgewater, NJ 07020"
"176 Columbia Turnpike, Florham Park, NJ 07932"
"1350 Willow Ave, Hoboken, NJ 07030"
"300 P Route 73 S, Marlton, NJ 08053"
"187 Millburn Ave, Millburn, NJ 07041"
"869 US-1, North Brunswick, NJ 08902"
"404 Rt 17 N, Paramus, NJ 07652"
"3528 US 1 (Brunswick Pike), Princeton, NJ 08540"
"1031 Broad St, Shrewsbury, NJ 07702"
"1172 Hamburg Turnpike, Wayne, NJ 07470"
"155 Elm St, Westfield, NJ 07090"
"20 Irvington St, Westwood, NJ 07675"
"8928 Holly Ave NE, Albuquerque, NM 87122"
"2200 Uptown Loop NE, Albuquerque, NM 87110"
"530 W Cordova Rd, Santa Fe, NM 87505"
"1565 Niagara Falls Blvd, Buffalo, NY 14228"
"130 Court St, Brooklyn, NY 11201"
"445 Gold St, Brooklyn, NY 11201"
"79 Wolf Rd, Colonie, NY 12205"
"5900 Jericho Turnpike, Commack, NY 11725"
"215 North Central Ave, Hartsdale, NY 10530"
"1280 W Broadway, Hewlett, NY 11557"
"2085 Smith Haven Plaza, Lake Grove, NY 11755"
"1260 Boston Post Rd, Larchmont, NY 10538"
"1714 Merrick Rd, Merrick, NY 11566"
"2073 Broadway, New York, NY 10023"
"200 E 32nd St, New York, NY 10016"
"670 Columbus Ave, New York, NY 10025"
"675 6th Ave, New York, NY 10010"
"233 Spring Street, New York, NY 10013"
"142 E 14th St, New York, NY 10003"
"138 E 14th St, New York, NY 10003"
"3418 Long Beach Rd, Oceanside, NY 11572"
"425 S Oyster Bay Rd, Plainview, NY 11803"
"90-30 Metropolitan Ave, Queens, NY 11374"
"3349 Monroe Ave, Rochester, NY 14618"
"727 White Plains Rd, Scarsdale, NY 10583"
"2385 Richmond Ave, Staten Island, NY 10314"
"3422 Erie Blvd E, Syracuse, NY 13214"
"910 Old Country Rd, Garden City, NY 11530"
"120 Merrimon Ave, Asheville, NC 28801"
"1393 Kildaire Farms Rd, Cary, NC 27511"
"1800 E Franklin St, Chapel Hill, NC 27514"
"1133 Metropolitan Ave, Charlotte, NC 28204"
"1820 East Arbors Dr, Charlotte, NC 28262"
"6418 Rea Rd, Charlotte, NC 28277"
"3000 Wake Forest Rd, Raleigh, NC 27609"
"1437 S College Rd, Wilmington, NC 28403"
"252 South Stratford Rd, Winston Salem, NC 27103"
"7788 Montgomery Rd, Cincinnati, OH 45236"
"3888 Townsfair Way, Columbus, OH 43219"
"6355 Sawmill Rd, Dublin, OH 43017"
"328 East Stroop Rd, Kettering, OH 45429"
"175 Market St, Westlake, OH 44145"
"28425 Chagrin Blvd, Woodmere, OH 44122"
"6409 Avondale Dr, Nichols Hills, OK 73116"
"3702 S Peoria Ave, Tulsa, OK 74105"
"11753 SW Beaverton Hillsdale Hwy, Beaverton, OR 97005"
"63455 North Hwy 97, Bend, OR 97701"
"9345 SE 82nd Ave, Happy Valley, OR 97086"
"1550 NW 9th St, Corvallis, OR 97330"
"85 Oakway Ctr, Eugene, OR 97401"
"2285 NW 185th Ave, Hillsboro, OR 97124"
"15391 SW Bangy Rd, Lake Oswego, OR 97035"
"55 Rossanley Dr, Medford, OR 97501"
"4715 SE Cesar Chavez Blvd, Portland, OR 97202"
"2122 NW Glisan, Portland, OR 97210"
"4121 NE Halsey St, Portland, OR 97232"
"4450 Commercial St SE, Salem, OR 97302"
"112 Coulter Ave, Ardmore, PA 19003"
"933 Old York Rd, Jenkintown, PA 19046"
"12 E State St, Media, PA 19063"
"1430 Bethlehem Pike, PA"
"2121 Market St, Philadelphia, PA 19103"
"6343 Penn Ave, Pittsburgh, PA 15206"
"1630 Washington Rd, Pittsburgh, PA 15241"
"9020 Covenant Ave, Pittsburgh, PA 15237"
"243 Patriot Ln, State College, PA 16803"
"171 E Swedesford Rd, Wayne, PA 19087"
"1000 Bald Hill Rd, Warwick, RI 02886"
"4516 Forest Dr, Columbia, SC 29206"
"59 Woodruff Industrial Ln, Greenville, SC 29607"
"401 Johnnie Dodds Blvd, Mt. Pleasant, SC 29464"
"3909 Hillsboro Pike, Nashville, TN 37215"
"8001 Kingston Pike, Knoxville, TN 37919"
"9722 Great Hills Trail, Austin, TX 78759"
"211 Walter Seaholm Dr, Austin, TX 78701"
"2805 Bee Cave Rd, Austin, TX 78746"
"14856 Preston Rd, Dallas, TX 75254"
"4525 Cole Ave, Dallas, TX 75205"
"2001 Greenville Ave, Dallas, TX 75206"
"7939 Walnut Hill Ln, Dallas, TX 75230"
"5550 W Lovers Ln, Dallas, TX 75209"
"2701 S Hulen St, Fort Worth, TX 76107"
"2922 S Shepherd Dr, Houston, TX 77098"
"1440 S Voss Rd, Houston, TX 77057"
"11683 Westheimer Rd, Houston, TX 77077"
"2717 Commercial Center Blvd, Katy, TX 77494"
"2851 Craig Dr, McKinney, TX 75070"
"2400 Preston Rd, Plano, TX 75093"
"350 E Basse Rd, San Antonio, TX 78209"
"403 N Loop 1604 W, San Antonio, TX 78209"
"1492 E Southlake Blvd, Southlake, TX 76092"
"10868 Kuykendahl Rd, The Woodlands, TX 77381"
"6989 S 1300 E, Cottonwood Heights, UT 84047"
"634 E 400 S, Salt Lake City, UT 84102"
"200 Dorset St, South Burlington, VT 05403"
"612 N Saint Asaph St, Alexandria, VA 22314"
"5847 Leesburg Pike, Bailey’s Crossroads, VA 22041"
"14100 Lee Hwy, Centreville, VA 20120"
"2025 Bond St, Charlottesville, VA 22901"
"1109 N Highland St, Arlington, VA 22201"
"9464 Main St, Fairfax, VA 22031"
"7514 Leesburg Turnpike, Falls Church, VA 22043"
"12551 Jefferson Ave, Newport News, VA 23602"
"11958 Killingsworth Ave, Reston, VA 20194"
"11331 W Broad St, Glen Allen, VA 23060"
"6394 Springfield Plaza, Springfield, VA 22150"
"503 Hilltop Plaza, Virginia Beach, VA 23454"
"5000 Settlers Market Blvd, VA"
"4609 14th Ave NW, Seattle, WA 98107"
"416 116th Ave NE, Bellevue, WA 98004"
"15563 NE 24th St, Bellevue, WA 98007"
"2410 James St, Bellingham, WA 98225"
"15868 1st Ave S, Burien, WA 98148"
"811 SE Everett Mall Way, Everett, WA 98208"
"1758 S 320th St, Federal Way, WA 98003"
"975 NW Gilman Blvd, Issaquah, WA 98027"
"12966 SE Kent-Kangley Rd, Kent, WA 98030"
"12520 Totem Lake Blvd NE, WA"
"4545 Fauntleroy Way SW, Seattle, WA 98116"
"1201 N 175th St, Shoreline, WA 98133"
"9991 Mickelberry Rd, Silverdale, WA 98383"
"2975 E 29th Ave, Spokane, WA 99223"
"5520 N Division St, Spokane, WA 99208"
"3800 Bridgeport Way W, University Place, WA 98466"
"19500 Hwy 99, Lynnwood, WA 98036"
"1530 Black Lake Blvd, Olympia, WA 98502"
"15932 Redmond Way, Redmond, WA 98052"
"490 228th Ave NE, Sammamish, WA 98074"
"4555 Roosevelt Way NE, Seattle, WA 98105"
"1916 Queen Anne Ave N, Seattle, WA 98109"
"1700 Madison St, Vancouver, WA"
"305 SE Chkalov Dr, Vancouver, WA 98683"
"12665 W Bluemound Rd, Brookfield, WI 53005"
"5600 N Port Washington Rd, Glendale, WI 53217"
"1810 Monroe St, Madison, WI 53711"
